1,Lisa ,Myers,Wife,402-305-9630
2,John,Miller,Son,668-813-9631
3,Tina,Ashland,Aunt,710-262-7892
4,Adam,Alexander,Husband,691-701-1325
5,Ellie,Gordon,Mother,805-859-8452
6,Trevor,Tapia,Grandson,544-232-2358
7,Mary,Riley,Wife,852-821-8235
8,Jonathan,Adkins,Father,961-478-0238
9,Veronica,Jamison,Cousin,458-741-3964
10,Blanche,King,Wife,735-982-3085
11,Alan,Miller,Husband,588-956-3566
12,Whitney,Brooks,Sister,649-458-5692
13,Jessica,Pham,Mother,396-345-8432
14,Larry,Winters,Father,436-785-1325
15,Brenda,Henry,Mother,203-421-9825
16,Tony ,Walker,Husband,785-231-8956
17,Dennis,Hill,Father,412-785-9650
18,Lilly,Heath,Mother,386-789-5624
19,Carl,Ingram,Brother,803-412-6932
20,Hazel,Shelton,Wife,336-741-6594
21,Wanda,Johnson ,Sister,212-555-8975
22,Mary,Smith ,Wife,310-302-7531
23,Janet,Brown ,Aunt,645-985-9526
24,Tanya,Wilson ,Wife,426-896-4529
